{"count":1,"self":137.1926784,"total":159.35501159999998,"children":{"InitializeActuators":{"count":48,"self":0.0040085,"total":0.0040085,"children":null},"InitializeSensors":{"count":48,"self":0.0030583,"total":0.0030583,"children":null},"AgentSendState":{"count":7679,"self":7.9672367999999993,"total":8.2471494,"children":{"CollectObservations":{"count":73728,"self":0.0942947,"total":0.0942947,"children":null},"WriteActionMask":{"count":73728,"self":0.057837599999999996,"total":0.057837599999999996,"children":null},"RequestDecision":{"count":73728,"self":0.12778029999999999,"total":0.12778029999999999,"children":null}}},"DecideAction":{"count":7679,"self":12.4738448,"total":12.8352705,"children":{"RayPerceptionSensor.Perceive":{"count":129024,"self":0.36142569999999996,"total":0.36142569999999996,"children":null}}},"AgentAct":{"count":7679,"self":1.0722909,"total":1.0722909,"children":null}},"gauges":{"Goalie.CumulativeReward":{"count":60,"max":1.9500016,"min":-0.0162996277,"runningAverage":0.484543741,"value":0.290399849,"weightedAverage":0.412017},"Striker.CumulativeReward":{"count":120,"max":4.36531973,"min":0.488000363,"runningAverage":1.72675383,"value":1.358651,"weightedAverage":1.571618},"Midfielder.CumulativeReward":{"count":60,"max":2.44298959,"min":0.09666608,"runningAverage":0.7458794,"value":0.213999808,"weightedAverage":0.654263258}},"metadata":{"timer_format_version":"0.1.0","start_time_seconds":"1714938580","unity_version":"2022.3.25f1","command_line_arguments":"C:\\Program Files\\Unity\\Hub\\Editor\\2022.3.25f1\\Editor\\Unity.exe -projectpath C:\\Users\\ethen\\Unity Projects\\AI Project -useHub -hubIPC -cloudEnvironment production","communication_protocol_version":"1.5.0","com.unity.ml-agents_version":"3.0.0-exp.1","scene_name":"SoccerTeamVS","end_time_seconds":"1714938740"}}